[
    {
        "question": "What is the main argument presented by Mr. Mitchell regarding Section 3 of the Fourteenth Amendment?",
        "answer": "Mr. Mitchell argues that President Trump is not covered by Section 3 of the Fourteenth Amendment because the term 'officer of the United States' applies only to appointed officials, not elected officials such as the President.",
        "generated": "Mr. Mitchell argues that Section 3 of the Fourteenth Amendment is not self-executing and requires Congressional action to be fully implemented, rather than being automatically enforced by states or courts.",
        "cosine_similarity": 0.607
    },
    {
        "question": "How does Mr. Mitchell interpret the term 'officer of the United States' in the Constitution?",
        "answer": "Mr. Mitchell interprets 'officer of the United States' to refer exclusively to appointed officials, as seen in the Commissions Clause, the Impeachment Clause, and the Appointments Clause, and not to elected positions like the President.",
        "generated": "Mr. Mitchell interprets the term 'officer of the United States' in the Constitution as applying exclusively to appointed officials, not elected ones. He supports this interpretation by analyzing specific constitutional clauses, such as the Commissions Clause, the Impeachment Clause, and the Appointments Clause. He argues that these clauses consistently use the term in a way that excludes elected officials, including the President and members of Congress. This distinction, according to Mitchell, is reinforced by the constitutional structure and language, which differentiates between appointed officers (officers of the United States) and those holding an 'office under the United States.'",
        "cosine_similarity": 0.929
    },
    {
        "qustion": "Why does Mr. Mitchell believe the Colorado Supreme Court's decision should be reversed?",
        "answer": "He believes the decision should be reversed because it misinterprets Section 3, which, according to him, does not apply to the President as an elected official and also oversteps by attempting to impose qualifications on federal office candidates.",
        "generated": "Mr. Mitchell believes the Colorado Supreme Court's decision should be reversed because it improperly allows states to impose additional qualifications for federal office, violating precedent set in Griffin's Case. He also argues that such a decision undermines federal authority and risks creating inconsistent disqualification standards across states.",
        "cosine_similarity": 0.659
    },
    {
        "question": "What example does Mr. Mitchell give to argue that states cannot impose additional qualifications for federal office?",
        "answer": "He compares it to state residency laws, noting that courts have previously held that a state cannot impose an earlier residency requirement for congressional candidates than what the Constitution mandates.",
        "generated": "Mr. Mitchell argues that states cannot impose additional qualifications for federal office by referencing the idea that the states cannot alter the existing qualifications for the presidency outlined in the Constitution. He contends that the question at hand is whether a state is violating the Constitution's provisions by adding or modifying qualifications for federal officeholders, specifically the presidency. His argument is rooted in the belief that the qualifications for federal office, including the presidency, are set by the Constitution and cannot be altered by individual states",
        "cosine_similarity": 0.591
    },
    {
        "question": "How does Justice Thomas question Mr. Mitchell regarding Section 3\u2019s implementation?",
        "answer": "Justice Thomas asks if Section 3 is self-executing and whether states or only Congress have the authority to implement its disqualifications.",
        "generated": "Justice Thomas questions Mr. Mitchell about whether Section 3 of the 14th Amendment is self-executing and, if not, what role the states play in enforcing it. He asks if the implementation of Section 3 is entirely up to Congress or if states have any authority to enforce the disqualification. Mr. Mitchell responds by stating that Section 3 is not self-executing and, based on Griffin's Case, enforcement falls solely to Congress, not the states.",
        "cosine_similarity": 0.835
    },
    {
        "question": "What is Mr. Mitchell\u2019s stance on the self-execution of Section 3?",
        "answer": "Mr. Mitchell asserts that Section 3 is not self-executing and states cannot enforce it without Congress enacting specific legislation.",
        "generated": "Mr. Mitchell's stance is that Section 3 of the Fourteenth Amendment is not self-executing. He argues that enforcement of Section 3 should be the responsibility of Congress, rather than the states.",
        "cosine_similarity": 0.845
    },
    {
        "question": "What example does Mr. Mitchell give from history to support his argument?",
        "answer": "He references Confederate insurrectionists who were elected to Congress post-Civil War; Congress would decide case-by-case if they should be seated, illustrating that states could not disqualify them.",
        "generated": "In this exchange, Jonathan F. Mitchell references Griffin's Case as an example from history to support his argument. He suggests that Congress relied on Griffin's Case when it enacted the Enforcement Act of 1870. This historical reference is used to underline his argument, particularly in the context of disqualification and insurrection. By pointing to this case and the subsequent legislation, Mitchell is attempting to provide a historical foundation for his legal position regarding the interpretation of Section 3 and related legal issues.",
        "cosine_similarity": 0.508
    },
    {
        "question": "What does Justice Sotomayor challenge in Mr. Mitchell\u2019s argument about self-execution?",
        "answer": "Justice Sotomayor challenges his view, noting that states frequently enforce self-executing constitutional provisions and questioning his reliance on Griffin's Case, a non-precedential ruling.",
        "generated": "Justice Sotomayor challenges Mitchell by questioning why he wants the Court to depart from the standard that self-executing provisions allow states to act independently, like disqualifying insurrectionists.",
        "cosine_similarity": 0.733
    },
    {
        "question": "What distinction does Mr. Mitchell make between Griffin's Case and other Fourteenth Amendment provisions?",
        "answer": "He argues that Griffin\u2019s Case is unique and was historically used as a basis for Congress\u2019s legislative actions, such as the Enforcement Act of 1870, to exclusively grant enforcement powers to Congress.",
        "generated": "Jonathan F. Mitchell distinguishes Griffin's Case by arguing that, unlike other self-executing provisions of the Fourteenth Amendment, Section 3 requires Congressional legislation for enforcement. Griffin's Case set the precedent that states cannot enforce Section 3 without Congressional authorization.",
        "cosine_similarity": 0.696
    },
    {
        "question": "What does Justice Kagan clarify about Mr. Mitchell\u2019s argument on statutory versus constitutional grounds?",
        "answer": "Justice Kagan points out that Mr. Mitchell\u2019s argument appears to be based on statutory preemption rather than a constitutional rule, as he relies on Congress\u2019s legislative actions following Griffin's Case, rather than a direct constitutional mandate.",
        "generated": "Justice Kagan clarifies that Mr. Mitchell's argument is focused on statutory preemption, not on constitutional grounds. She emphasizes that Mitchell's position hinges on congressional actions and the precedent set by Griffin's Case rather than on a direct constitutional mandate for preemption.",
        "cosine_similarity": 0.882
    }
]