[
    {
        "question": "What is the main legal issue being discussed in this case?",
        "answer": "The main legal issue involves the interpretation of the Bank Merger Act of 1966 in relation to antitrust laws and whether the court should conduct an independent review of a bank merger\u2019s competitive impact or simply review the determination made by the banking agency for arbitrariness or lack of evidence.",
        "generated": "The main legal issue is whether courts have the authority to review and balance banking agencies' decisions on financial institution approvals, including assessing anticompetitive effects and community impact.",
        "cosine_similarity": 0.652
    },
    {
        "question": "What is the role of the Bank Merger Act of 1966 in this case?",
        "answer": "The Bank Merger Act of 1966 is central to the case, as it guides the court in determining if a proposed bank merger may reduce competition or create a monopoly. It also requires courts in antitrust cases involving bank mergers to use the same standards as those used by banking agencies, thus raising questions about the court's review process.",
        "generated": "The Bank Merger Act of 1966 (BMA) sets the regulatory framework for bank mergers, superseding Clayton Act, Section 7. It establishes that mergers must not substantially lessen competition unless the benefits to public interest, such as community needs, clearly outweigh the anti-competitive effects. The Act provides a unified standard for evaluating mergers, focusing on both competition and public interest, which courts must apply. This standard replaced the Clayton Act for bank mergers, as confirmed by lower court decisions that recognized the BMA as the governing statute.",
        "cosine_similarity": 0.779
    },
    {
        "question": "What specific argument does Mr. Turner present regarding the court\u2019s review of banking agency determinations?",
        "answer": "Mr. Turner argues that the Bank Merger Act intends for the court to make an independent determination on antitrust issues rather than merely reviewing the banking agency\u2019s decision for arbitrariness or insufficient evidence. He asserts that the court should apply its own judgment to assess the merger\u2019s competitive impact.",
        "generated": "Mr. Turner argues that the court's role in reviewing bank merger decisions under the Bank Merger Act of 1966 should be to apply the same standards as the banking agencies, rather than conducting an independent inquiry. He believes the court should ensure the agency's decision aligns with the statutory requirements, without re-evaluating the facts or reaching its own conclusions.",
        "cosine_similarity": 0.884
    },
    {
        "question": "How does Justice Brennan 'question' the significance of the terms 'trial de novo' and 'review de novo'?",
        "answer": "Justice Brennan questions whether there is a meaningful distinction between \u201ctrial de novo\u201d and \u201creview de novo\u201d as used in legislative and legal contexts. He notes that \u201ctrial de novo\u201d implies a fresh hearing of all issues, while \u201creview de novo\u201d might suggest a more limited review of the agency's findings. Turner argues that the terms were used interchangeably by Congress without specific intent to alter the review's nature.",
        "generated": "Justice Brennan questions the significance of the terms 'trial de novo' and 'review de novo' by suggesting that the distinction between them may not be particularly meaningful. He points out that while one statute uses 'trial de novo,' another includes 'review de novo,' and some courts have used these terms interchangeably. Brennan raises the concern that if the phrase 'review de novo' carried significant implications, the Attorney General, who proposed legislation involving it, would have chosen the term carefully. This indicates that there may be no substantive difference between the two expressions in practical application.",
        "cosine_similarity": 0.929
    },
    {
        "question": "What was the primary purpose of the Bank Merger Act according to Donald F. Turner?",
        "answer": "Donald F. Turner argued that the primary purpose of the Bank Merger Act was to ensure uniform standards between banking agencies and the courts. He emphasized that Congress aimed to eliminate disparities in standards applied to bank mergers by different agencies and the courts.",
        "generated": "According to Donald F. Turner, the primary purpose of the Bank Merger Act was to eliminate the differences in approach regarding bank mergers. This aimed to standardize how these mergers were reviewed, removing the necessity for judicial application of inconsistent review standards.",
        "cosine_similarity": 0.941
    },
    {
        "question": "What issue did Abe Fortas raise regarding uniformity in the banking industry?",
        "answer": "Abe Fortas questioned if the need for uniformity in banking was unique compared to other economic sectors. He suggested that if uniformity was critical in banking, it might raise broader concerns about the role of quasi-judicial administrative agencies across various industries.",
        "generated": "Abe Fortas raised the issue that there was a lack of uniformity among the standards applied by bank agencies in approving or disapproving mergers, suggesting that these standards were inconsistent and dissimilar.",
        "cosine_similarity": 0.645
    },
    {
        "question": "What was William J. Brennan, Jr.\u2019s interpretation of the government's stance on agency roles in court?",
        "answer": "William J. Brennan, Jr. suggested that the government\u2019s position reduced agencies to acting primarily as expert witnesses in court proceedings. He inferred that the courts were expected to independently apply the standards set out in the Bank Merger Act rather than deferring heavily to agency determinations.",
        "generated": "William J. Brennan, Jr. interpreted the government's stance as limiting the agency's role in court to that of an expert witness, effectively reducing its involvement and influence in judicial proceedings. This, he argued, did not align with the normal function of a District Court under Article III of the Constitution.",
        "cosine_similarity": 0.719
    },
    {
        "question": "What concern did David T. Searls express regarding the burden of proof?",
        "answer": "David T. Searls noted that the burden of proof typically aligns with the burden of pleading, but he argued that in this case, it was primarily a 'question' of whether the Department of Justice had sufficiently alleged a cause of action in its complaint, not about proving the burden at this stage.",
        "generated": "David T. Searls expressed concern that while the burden of proof usually follows the burden of pleading, it does not always have to. He noted that the trial court's determination was primarily about what needed to be alleged, not about the burden of proof itself. Searls emphasized that the burden of proof should be on the government to allege and prove specific points, including that any anticompetitive consequences were not outweighed by community needs, but he also pointed out that this burden might be viewed differently in the context of defense strategies.",
        "cosine_similarity": 0.884
    },
    {
        "question": "What was the position of the Department of Justice in the trial courts on the standards to be applied to bank mergers?",
        "answer": "In the trial courts, the Department of Justice consistently argued that Section 7 of the Clayton Act governed bank mergers, maintaining that the Bank Merger Act of 1966 had not substantially altered the substantive standards for evaluating bank mergers.",
        "generated": "The Department of Justice argued in trial courts that Section 7 of the Clayton Act, not the Bank Merger Act of 1966, governed bank mergers. They maintained that the antitrust standards of Section 7 applied, and the courts agreed that the BMA did not change these standards.",
        "cosine_similarity": 0.9
    },
    {
        "question": "How did the California three-judge court rule regarding the Department of Justice's interpretation of the Bank Merger Act?",
        "answer": "The California three-judge court disagreed with the Department of Justice's stance, ruling that the Bank Merger Act of 1966 had indeed made substantial changes to the substantive law and the standards that should be applied to bank mergers.",
        "generated": "The California three-judge court ruled that the Bank Merger Act of 1966 is the controlling statute for bank mergers. The court held that the Department of Justice was not required to base its case on violations of Section 7 of the Clayton Act and that the 1966 Act did not significantly alter the substantive antitrust standards previously used in evaluating bank mergers. The decision emphasized that the Clayton Act was not necessary for the plaintiff's case as the Bank Merger Act was sufficient and applicable.",
        "cosine_similarity": 0.817
    }
]