[
    {
        "question": "What is the main argument presented by Mr. Mitchell regarding Section 3 of the Fourteenth Amendment?",
        "answer": "Mr. Mitchell argues that President Trump is not covered by Section 3 of the Fourteenth Amendment because the term 'officer of the United States' applies only to appointed officials, not elected officials such as the President.",
        "generated": "Jonathan F. Mitchell argues that Section 3 of the Fourteenth Amendment is not self-executing and requires action from Congress or the courts. He opposes state enforcement, citing concerns it could undermine Congress's role, and references Griffin's Case as a relevant precedent.",
        "cosine_similarity": 0.649
    },
    {
        "question": "How does Mr. Mitchell interpret the term 'officer of the United States' in the Constitution?",
        "answer": "Mr. Mitchell interprets 'officer of the United States' to refer exclusively to appointed officials, as seen in the Commissions Clause, the Impeachment Clause, and the Appointments Clause, and not to elected positions like the President.",
        "generated": "Mr. Mitchell interprets the term 'officer of the United States' as a specific constitutional term of art, referring only to appointed individuals, not elected ones. He argues that the presidency is excluded from the 'officer of the United States' category because the president is not appointed by the president or subject to impeachment, and therefore does not meet the constitutional criteria for 'officer' as established in various clauses.",
        "cosine_similarity": 0.818
    },
    {
        "qustion": "Why does Mr. Mitchell believe the Colorado Supreme Court's decision should be reversed?",
        "answer": "He believes the decision should be reversed because it misinterprets Section 3, which, according to him, does not apply to the President as an elected official and also oversteps by attempting to impose qualifications on federal office candidates.",
        "generated": "He argues the decision should be reversed because it misinterprets Section 3, which he believes doesn't apply to the President and oversteps by imposing qualifications on federal office candidates.",
        "cosine_similarity": 0.956
    },
    {
        "question": "What example does Mr. Mitchell give to argue that states cannot impose additional qualifications for federal office?",
        "answer": "He compares it to state residency laws, noting that courts have previously held that a state cannot impose an earlier residency requirement for congressional candidates than what the Constitution mandates.",
        "generated": "Mr. Mitchell argues that states cannot impose additional qualifications for federal office because it interferes with constitutional standards. He cites the example of a state requiring candidates to be 35 years old, which would alter the qualifications established by the Constitution. Section 3 of the Fourteenth Amendment defines disqualifications without permitting states to add further criteria.",
        "cosine_similarity": 0.559
    },
    {
        "question": "How does Justice Thomas question Mr. Mitchell regarding Section 3\u2019s implementation?",
        "answer": "Justice Thomas asks if Section 3 is self-executing and whether states or only Congress have the authority to implement its disqualifications.",
        "generated": "Justice Clarence Thomas questions Mr. Mitchell about whether Section 3 of the 14th Amendment is 'self-executing'\u2014i.e., enforceable without additional legislation. Thomas asks if, assuming Section 3 is not self-executing, the responsibility to implement it would fall entirely on Congress, or if states could play a role. Mitchell acknowledges that Section 3 presents unique challenges, suggesting that if it\u2019s not self-executing, enforcement would require congressional action, as states cannot act independently.",
        "cosine_similarity": 0.789
    },
    {
        "question": "What is Mr. Mitchell\u2019s stance on the self-execution of Section 3?",
        "answer": "Mr. Mitchell asserts that Section 3 is not self-executing and states cannot enforce it without Congress enacting specific legislation.",
        "generated": "Mr. Mitchell argues that Section 3 of the 14th Amendment is not self-executing and requires Congressional action to enforce, rather than being enforced by states or courts.",
        "cosine_similarity": 0.859
    },
    {
        "question": "What example does Mr. Mitchell give from history to support his argument?",
        "answer": "He references Confederate insurrectionists who were elected to Congress post-Civil War; Congress would decide case-by-case if they should be seated, illustrating that states could not disqualify them.",
        "generated": "Mr. Mitchell cites Griffin's Case and its use by Congress when enacting the Enforcement Act of 1870 as a historical example to support his argument about the disqualification of insurrectionists under Section 3 of the 14th Amendment.",
        "cosine_similarity": 0.484
    },
    {
        "question": "What does Justice Sotomayor challenge in Mr. Mitchell\u2019s argument about self-execution?",
        "answer": "Justice Sotomayor challenges his view, noting that states frequently enforce self-executing constitutional provisions and questioning his reliance on Griffin's Case, a non-precedential ruling.",
        "generated": "Justice Sotomayor challenges Mr. Mitchell\u2019s argument by questioning his reliance on Griffin\u2019s Case, a non-precedential decision later retracted by its author, and by citing historical examples where states independently enforced Section 3 of the Fourteenth Amendment. She also highlights Mitchell\u2019s concession that self-executing provisions often allow state-level enforcement, which undermines his claim that Section 3 requires federal legislation to be effective.",
        "cosine_similarity": 0.777
    },
    {
        "question": "What distinction does Mr. Mitchell make between Griffin's Case and other Fourteenth Amendment provisions?",
        "answer": "He argues that Griffin\u2019s Case is unique and was historically used as a basis for Congress\u2019s legislative actions, such as the Enforcement Act of 1870, to exclusively grant enforcement powers to Congress.",
        "generated": "Mr. Mitchell distinguishes Griffin's Case from other Fourteenth Amendment provisions by noting that, unlike most provisions, Section 3 of the Fourteenth Amendment involves unique practical considerations. He argues that Griffin's Case set a precedent where only Congress, not states, could enforce Section 3's disqualification provisions. This ruling, coupled with subsequent congressional action, shapes the interpretation and application of Section 3, making it distinct from other self-executing provisions of the Fourteenth Amendment.",
        "cosine_similarity": 0.674
    },
    {
        "question": "What does Justice Kagan clarify about Mr. Mitchell\u2019s argument on statutory versus constitutional grounds?",
        "answer": "Justice Kagan points out that Mr. Mitchell\u2019s argument appears to be based on statutory preemption rather than a constitutional rule, as he relies on Congress\u2019s legislative actions following Griffin's Case, rather than a direct constitutional mandate.",
        "generated": "Justice Kagan clarifies that Mr. Mitchell is not making a constitutional argument, but a statutory preemption argument. She highlights that his reliance is on the Enforcement Act of 1870 and Griffin's Case, not on a constitutional rule. Mitchell confirms that his position is based on these statutory actions, rather than the Constitution itself.",
        "cosine_similarity": 0.876
    }
]