[
    {
        "question": "What is the main legal issue in Case 22-1178 between the FBI and Yonas Fikre?",
        "answer": "The main issue is whether Fikre's claims regarding his placement on the No Fly List are moot, as he has not been on the list for eight years and, according to the government, is unlikely to be put back on it.",
        "generated": "The main legal issue in Case 22-1178 is whether the U.S. government can continue to use Yonas Fikre's past No Fly List status without providing a clear reason or due process for his placement, raising questions about his constitutional rights and the procedural fairness of the No Fly List.",
        "cosine_similarity": 0.63
    },
    {
        "question": "What argument does Sopan Joshi present to support the claim of mootness?",
        "answer": "Joshi argues that because Fikre is no longer on the No Fly List and the government has no intention of putting him back on it, the case is moot since there is no reasonable expectation of recurrence of his placement on the list.",
        "generated": "Sopan Joshi argues the case is moot because the individual\u2019s removal from the No-Fly List resolves the issue, making it no longer redressable. He links mootness to standing under Article III, stating the case should not continue without ongoing harm.",
        "cosine_similarity": 0.6
    },
    {
        "question": "How does Joshi respond to the Ninth Circuit's view on mootness?",
        "answer": "Joshi contends that the Ninth Circuit confused mootness with the merits of the case by suggesting that the government must agree with Fikre's contentions to render the case moot, which Joshi argues is incorrect.",
        "generated": "Sopan Joshi argues that the case is moot because the plaintiff\u2019s removal from the No-Fly List eliminates any ongoing legal dispute. He emphasizes that national security decisions are based on current circumstances and can't be redressed after the fact, and that the plaintiff wouldn't have standing if the case were filed today.",
        "cosine_similarity": 0.562
    },
    {
        "question": "What does Justice Clarence Thomas ask regarding the procedures used to place Fikre on the list?",
        "answer": "Justice Thomas asks if the government\u2019s declaration changes the procedures Fikre originally challenged as violating his rights.",
        "generated": "Justice Clarence Thomas questions how Mr. Fikre or the Court could know if the procedures for placing him on the list have changed, given that the government hasn't disclosed the reasons for his initial inclusion.",
        "cosine_similarity": 0.635
    },
    {
        "question": "How does Joshi respond to concerns about procedural challenges in Fikre's case?",
        "answer": "Joshi explains that post-deprivation procedures have already changed, but pre-deprivation procedures have not, and claims that without current exposure to those procedures, Fikre\u2019s procedural challenge is moot.",
        "generated": "Sopan Joshi argues that post-deprivation procedures have changed, but pre-deprivation ones haven\u2019t. He cites Alvarez to suggest procedural challenges are limited and explains that no-fly list decisions depend on changing circumstances, making such challenges difficult. Fikre\u2019s delisting was based on current factors, not a concession.",
        "cosine_similarity": 0.816
    },
    {
        "question": "What hypothetical scenario does Justice Sonia Sotomayor present to question the declaration\u2019s effectiveness?",
        "answer": "Sotomayor asks if Fikre could be put back on the No Fly List if he engages in similar activities, such as holding a fundraiser for a mosque, even if he was previously removed from the list for such actions.",
        "generated": "Justice Sotomayor asks whether a declaration protecting someone from being placed on the No Fly List for past actions would prevent them from being added to the list for repeating the same actions in the future.",
        "cosine_similarity": 0.648
    },
    {
        "question": "How does Joshi respond to Justice Sotomayor's hypothetical about re-listing Fikre for similar activities?",
        "answer": "Joshi states that No Fly List decisions are based on a totality of information, not specific activities, but ultimately answers 'yes' to whether Fikre could be re-listed for similar activities if they meet the threat criteria.",
        "generated": "Joshi asserts that the Courtright declaration prevents re-listing Mr. Fikre based on current information but acknowledges re-listing could occur if new evidence, such as a link to terrorism, emerges.",
        "cosine_similarity": 0.607
    },
    {
        "question": "What concern does Justice Samuel Alito raise regarding the mootness of the case?",
        "answer": "Justice Alito expresses confusion about how the government can prove the case is moot without clarifying the reasons for Fikre\u2019s original listing and removal, given that any new relevant circumstance could potentially place him back on the list.",
        "generated": "Justice Alito is confused by the mootness argument, questioning whether a government declaration can sufficiently prove mootness. He emphasizes that the government must show mootness, but the plaintiff must prove standing, and he is unsure if the government's evidence is enough to resolve the issue.",
        "cosine_similarity": 0.685
    },
    {
        "question": "What is Joshi's main defense regarding the unlikelihood of Fikre's return to the No Fly List?",
        "answer": "Joshi argues that based on Article III principles, it is unreasonable to expect Fikre, a U.S. person, to engage in or pose a threat of engaging in terrorist acts again, given the criteria used for placement on the list.",
        "generated": "Sopan Joshi argues that Fikre's case is moot because he hasn't been on the No Fly List for eight years and there's no indication he'll be reinstated. He claims the government's current stance and legal precedent make it unlikely that Fikre will be placed back on the list.",
        "cosine_similarity": 0.632
    },
    {
        "question": "What clarification does Justice Elena Kagan seek regarding the declaration's commitment?",
        "answer": "Justice Kagan asks if the government could re-list Fikre if he performs the same types of activities, meets the same types of people, or associates with similar organizations, to understand what the declaration commits to.",
        "generated": "Justice Elena Kagan seeks clarification on the process and the role of counsel in a situation where the government provides a declaration regarding why individuals are placed on or taken off a particular list, especially in cases where national security or other sensitive issues are involved. Specifically, she asks if counsel is typically involved in the process where the government presents its reasoning in a closed hearing (in camera) to a judge, explaining the grounds for listing or removing someone from the list. She is trying to understand how the process of disclosing the reasons for listing a person works and whether counsel plays a part in it, to determine if it could potentially address concerns raised by the lawsuit. This would inform whether a declaration alone could suffice or whether more comprehensive judicial scrutiny and involvement are needed.",
        "cosine_similarity": 0.563
    },
    {
        "question": "What does Brett M. Kavanaugh question about Sopan Joshi's argument on recurring threats?",
        "answer": "Kavanaugh questions whether prior inclusion on the No Fly List makes recurrence more probable, challenging the idea that past misconduct is insufficient for predicting future threats.",
        "generated": "Brett M. Kavanaugh questions Sopan Joshi's argument by highlighting the difficulty of predicting whether someone will engage in harmful behavior again, based on past actions. He points out the challenge of assessing future threats when the court lacks sufficient information, especially in cases involving individuals' inclusion on the No Fly List.",
        "cosine_similarity": 0.767
    }
]