[
    {
        "question": "What is the main legal issue being discussed in this case?",
        "answer": "The main legal issue involves the interpretation of the Bank Merger Act of 1966 in relation to antitrust laws and whether the court should conduct an independent review of a bank merger\u2019s competitive impact or simply review the determination made by the banking agency for arbitrariness or lack of evidence.",
        "generated": "The main legal issue is whether the court or the Comptroller of the Currency should decide if a bank merger is anticompetitive, and whether the court can override the Comptroller's decision by balancing anticompetitive effects with public benefits under the Bank Merger Act. Additionally, there is a 'question' of whether the government's complaint is properly stated under the Act.",
        "cosine_similarity": 0.784
    },
    {
        "question": "What is the role of the Bank Merger Act of 1966 in this case?",
        "answer": "The Bank Merger Act of 1966 is central to the case, as it guides the court in determining if a proposed bank merger may reduce competition or create a monopoly. It also requires courts in antitrust cases involving bank mergers to use the same standards as those used by banking agencies, thus raising questions about the court's review process.",
        "generated": "The Bank Merger Act of 1966 (BMA 1966) plays a central role in determining the legal framework for evaluating bank mergers. The case concerns whether the BMA 1966 supplants Section 7 of the Clayton Act in antitrust challenges to bank mergers. The BMA 1966 provides specific standards for reviewing bank mergers, including considerations of competition and community needs, and it mandates that courts apply the same standards as banking agencies in reviewing such mergers. The Department of Justice's failure to reference the BMA 1966 in its complaint is a point of contention, as it raises the 'question' of whether the Clayton Act still applies or whether the case should proceed under the BMA 1966.",
        "cosine_similarity": 0.8
    },
    {
        "question": "What specific argument does Mr. Turner present regarding the court\u2019s review of banking agency determinations?",
        "answer": "Mr. Turner argues that the Bank Merger Act intends for the court to make an independent determination on antitrust issues rather than merely reviewing the banking agency\u2019s decision for arbitrariness or insufficient evidence. He asserts that the court should apply its own judgment to assess the merger\u2019s competitive impact.",
        "generated": "Mr. Turner argues that the court should give deference to the expertise of banking agencies, asserting that their determinations on bank mergers, particularly under the Bank Merger Act of 1966, should not be disregarded. He suggests that the court should avoid overstepping its role by substituting its judgment for the agency's, and that the Department of Justice's challenge to these determinations undermines the role of the federal banking agencies.",
        "cosine_similarity": 0.875
    },
    {
        "question": "How does Justice Brennan 'question' the significance of the terms 'trial de novo' and 'review de novo'?",
        "answer": "Justice Brennan questions whether there is a meaningful distinction between \u201ctrial de novo\u201d and \u201creview de novo\u201d as used in legislative and legal contexts. He notes that \u201ctrial de novo\u201d implies a fresh hearing of all issues, while \u201creview de novo\u201d might suggest a more limited review of the agency's findings. Turner argues that the terms were used interchangeably by Congress without specific intent to alter the review's nature.",
        "generated": "Justice Brennan questions the significance of using 'trial de novo' versus 'review de novo' by highlighting the unusual nature of 'review de novo' in legal contexts. He suggests that the terms are often used interchangeably, yet their distinction may carry implications for judicial processes. Brennan probes whether there is any specific reasoning behind the shift from 'trial' to 'review' in legislative proposals, especially considering that 'trial de novo' traditionally implies a full, new trial, while 'review de novo' may refer to a more limited judicial review of the facts without re-conducting a trial.",
        "cosine_similarity": 0.946
    },
    {
        "question": "What was the primary purpose of the Bank Merger Act according to Donald F. Turner?",
        "answer": "Donald F. Turner argued that the primary purpose of the Bank Merger Act was to ensure uniform standards between banking agencies and the courts. He emphasized that Congress aimed to eliminate disparities in standards applied to bank mergers by different agencies and the courts.",
        "generated": "The primary purpose of the Bank Merger Act, according to Donald F. Turner, was to establish a framework for reviewing bank mergers that balanced competition with the convenience and needs of the community. It aimed to ensure that anticompetitive effects of mergers were weighed against public benefits, and to provide a clear review process for judicial proceedings involving approved mergers. Turner emphasized that this act did not eliminate antitrust considerations but aimed to offer a more structured review of mergers.",
        "cosine_similarity": 0.901
    },
    {
        "question": "What issue did Abe Fortas raise regarding uniformity in the banking industry?",
        "answer": "Abe Fortas questioned if the need for uniformity in banking was unique compared to other economic sectors. He suggested that if uniformity was critical in banking, it might raise broader concerns about the role of quasi-judicial administrative agencies across various industries.",
        "generated": "Abe Fortas raised concerns about the lack of uniformity in how bank mergers are reviewed, questioning whether the omission of 'in any line of commerce' from the Bank Merger Act indicated a new standard, distinct from antitrust laws like the Clayton Act. He feared this could lead to inconsistent evaluation of mergers.",
        "cosine_similarity": 0.653
    },
    {
        "question": "What was William J. Brennan, Jr.\u2019s interpretation of the government's stance on agency roles in court?",
        "answer": "William J. Brennan, Jr. suggested that the government\u2019s position reduced agencies to acting primarily as expert witnesses in court proceedings. He inferred that the courts were expected to independently apply the standards set out in the Bank Merger Act rather than deferring heavily to agency determinations.",
        "generated": "William J. Brennan, Jr. interpreted the government's stance as asserting that the banking agencies, due to their expertise, should have a dominant role in determining the facts in bank merger cases, with limited judicial involvement. The government argued that courts should not re-examine or make independent findings of fact in these matters, but instead defer to the agencies' determinations.",
        "cosine_similarity": 0.855
    },
    {
        "question": "What concern did David T. Searls express regarding the burden of proof?",
        "answer": "David T. Searls noted that the burden of proof typically aligns with the burden of pleading, but he argued that in this case, it was primarily a 'question' of whether the Department of Justice had sufficiently alleged a cause of action in its complaint, not about proving the burden at this stage.",
        "generated": "David T. Searls expressed concern that the burden of proof for claiming an exception to antitrust laws should lie with the defendant, not the government, as the party asserting the exception must prove it.",
        "cosine_similarity": 0.688
    },
    {
        "question": "What was the position of the Department of Justice in the trial courts on the standards to be applied to bank mergers?",
        "answer": "In the trial courts, the Department of Justice consistently argued that Section 7 of the Clayton Act governed bank mergers, maintaining that the Bank Merger Act of 1966 had not substantially altered the substantive standards for evaluating bank mergers.",
        "generated": "The Department of Justice's position in the trial courts was that the Bank Merger Act of 1966 did not substantively change the standards for reviewing bank mergers under antitrust law. They argued that the same antitrust standards, as applied under Section 7 of the Clayton Act, should govern, even after the passage of the 1966 Act. However, they also acknowledged that if required, they could amend their complaints to reference the Bank Merger Act\u2019s specific standards.",
        "cosine_similarity": 0.893
    },
    {
        "question": "How did the California three-judge court rule regarding the Department of Justice's interpretation of the Bank Merger Act?",
        "answer": "The California three-judge court disagreed with the Department of Justice's stance, ruling that the Bank Merger Act of 1966 had indeed made substantial changes to the substantive law and the standards that should be applied to bank mergers.",
        "generated": "The California three-judge court rejected the Department of Justice's interpretation of the Bank Merger Act of 1966. The court found that the Department's position, which treated the Act as having no substantive impact on judicial proceedings under the Clayton Act, was inconsistent with the statute. The court emphasized that the Bank Merger Act required courts to consider not only antitrust standards but also public interest factors, including community convenience and needs, in evaluating bank mergers.",
        "cosine_similarity": 0.863
    }
]