[
    {
        "question": "What is the main legal issue being discussed in this case?",
        "answer": "The main legal issue involves the interpretation of the Bank Merger Act of 1966 in relation to antitrust laws and whether the court should conduct an independent review of a bank merger\u2019s competitive impact or simply review the determination made by the banking agency for arbitrariness or lack of evidence.",
        "generated": "The main legal issue in this case is whether courts have the expertise and authority to review the competitive effects of mergers, particularly when such determinations are traditionally made by specialized agencies like banking regulators. The case explores whether courts should balance convenience and anticompetitive consequences or defer to agency findings, and if they do review, what standard of review should apply. It questions the division of responsibility between the judiciary and regulatory agencies in antitrust matters.",
        "cosine_similarity": 0.797
    },
    {
        "question": "What is the role of the Bank Merger Act of 1966 in this case?",
        "answer": "The Bank Merger Act of 1966 is central to the case, as it guides the court in determining if a proposed bank merger may reduce competition or create a monopoly. It also requires courts in antitrust cases involving bank mergers to use the same standards as those used by banking agencies, thus raising questions about the court's review process.",
        "generated": "The Bank Merger Act of 1966 provides a standardized framework for evaluating bank mergers, focusing on competition, community needs, and the financial health of the institutions involved. It directs courts to apply these standards in judicial proceedings, ensuring consistency in merger reviews. The Act also precludes the application of certain other antitrust laws, such as the Clayton Act, in cases of bank mergers, placing primary responsibility for approvals with the relevant bank regulatory agencies.",
        "cosine_similarity": 0.897
    },
    {
        "question": "What specific argument does Mr. Turner present regarding the court\u2019s review of banking agency determinations?",
        "answer": "Mr. Turner argues that the Bank Merger Act intends for the court to make an independent determination on antitrust issues rather than merely reviewing the banking agency\u2019s decision for arbitrariness or insufficient evidence. He asserts that the court should apply its own judgment to assess the merger\u2019s competitive impact.",
        "generated": "Mr. Turner argues that the court should independently review banking agency determinations, especially under the Bank Merger Act, rather than deferring entirely to the agencies' expertise. He rejects the idea that the issues involved, which are often framed as policy decisions by the appellees, are beyond the court\u2019s scope, emphasizing that factual matters can still be subject to judicial review.",
        "cosine_similarity": 0.849
    },
    {
        "question": "How does Justice Brennan question the significance of the terms 'trial de novo' and 'review de novo'?",
        "answer": "Justice Brennan questions whether there is a meaningful distinction between \u201ctrial de novo\u201d and \u201creview de novo\u201d as used in legislative and legal contexts. He notes that \u201ctrial de novo\u201d implies a fresh hearing of all issues, while \u201creview de novo\u201d might suggest a more limited review of the agency's findings. Turner argues that the terms were used interchangeably by Congress without specific intent to alter the review's nature.",
        "generated": "Justice Brennan questions the significance of the terms 'trial de novo' and 'review de novo' by highlighting the potential confusion and inconsistency between the two terms. He notes that the term 'review de novo' seems unusual and may have been misinterpreted or used interchangeably with 'trial de novo,' despite their different legal meanings. Brennan suggests that 'review de novo' might not have the same implications as 'trial de novo,' particularly in the context of the Attorney General's original proposal and how the courts have applied these terms in statutes and cases.",
        "cosine_similarity": 0.932
    },
    {
        "question": "What was the primary purpose of the Bank Merger Act according to Donald F. Turner?",
        "answer": "Donald F. Turner argued that the primary purpose of the Bank Merger Act was to ensure uniform standards between banking agencies and the courts. He emphasized that Congress aimed to eliminate disparities in standards applied to bank mergers by different agencies and the courts.",
        "generated": "The primary purpose of the Bank Merger Act, according to Donald F. Turner, was to establish a single, unified set of standards for evaluating bank mergers that would be applied consistently by the banking agencies, the Department of Justice, and the courts. This was intended to resolve the conflicting interpretations and approaches previously used by these entities in approving or disapproving mergers. The standards included considerations of the merger's effect on competition as well as the convenience and needs of the community.",
        "cosine_similarity": 0.906
    },
    {
        "question": "What issue did Abe Fortas raise regarding uniformity in the banking industry?",
        "answer": "Abe Fortas questioned if the need for uniformity in banking was unique compared to other economic sectors. He suggested that if uniformity was critical in banking, it might raise broader concerns about the role of quasi-judicial administrative agencies across various industries.",
        "generated": "Abe Fortas questioned the lack of uniformity in banking regulations, specifically whether bank mergers should follow different standards than other industries, raising concerns about potential inconsistencies in enforcement.",
        "cosine_similarity": 0.756
    },
    {
        "question": "What was William J. Brennan, Jr.\u2019s interpretation of the government's stance on agency roles in court?",
        "answer": "William J. Brennan, Jr. suggested that the government\u2019s position reduced agencies to acting primarily as expert witnesses in court proceedings. He inferred that the courts were expected to independently apply the standards set out in the Bank Merger Act rather than deferring heavily to agency determinations.",
        "generated": "William J. Brennan, Jr. interpreted the government's stance on agency roles in court as reducing the agency's involvement to that of an expert witness. He noted that the government\u2019s position minimized the agency's influence in judicial proceedings, limiting it to offering expertise rather than having an active role in legal decision-making.",
        "cosine_similarity": 0.755
    },
    {
        "question": "What concern did David T. Searls express regarding the burden of proof?",
        "answer": "David T. Searls noted that the burden of proof typically aligns with the burden of pleading, but he argued that in this case, it was primarily a question of whether the Department of Justice had sufficiently alleged a cause of action in its complaint, not about proving the burden at this stage.",
        "generated": "David T. Searls expressed concern that the burden of proof was wrongly placed on the plaintiff. He argued it should follow the burden of pleading, with the defendant responsible for raising and proving defenses.",
        "cosine_similarity": 0.838
    },
    {
        "question": "What was the position of the Department of Justice in the trial courts on the standards to be applied to bank mergers?",
        "answer": "In the trial courts, the Department of Justice consistently argued that Section 7 of the Clayton Act governed bank mergers, maintaining that the Bank Merger Act of 1966 had not substantially altered the substantive standards for evaluating bank mergers.",
        "generated": "The Department of Justice (DOJ) argued that the Bank Merger Act of 1966 and Section 7 of the Clayton Act governed bank mergers, requiring courts to assess mergers based on their effect on competition. This stance differed from previous trial court decisions, which had interpreted the Act differently and sometimes sided with the banking agencies' approval of mergers. The DOJ maintained that the courts should apply a uniform set of standards, focusing on competition, and that these standards should be consistent across both agency approvals and DOJ litigation.",
        "cosine_similarity": 0.816
    },
    {
        "question": "How did the California three-judge court rule regarding the Department of Justice's interpretation of the Bank Merger Act?",
        "answer": "The California three-judge court disagreed with the Department of Justice's stance, ruling that the Bank Merger Act of 1966 had indeed made substantial changes to the substantive law and the standards that should be applied to bank mergers.",
        "generated": "The California three-judge court ruled that Section 7 of the Clayton Act still applies to bank mergers even after the passage of the Bank Merger Act of 1966. The court concluded that the Bank Merger Act did not replace or repeal Section 7, meaning that the Department of Justice was not required to base its case on the Bank Merger Act specifically",
        "cosine_similarity": 0.75
    }
]