{
    "Recursive": {
        "Average": 0.7330967741935484,
        "StandardDeviation": 0.12246941246387734,
        "Min": 0.508,
        "Max": 0.932,
        "Median": 0.75,
        "Data": [
            0.607,
            0.929,
            0.659,
            0.591,
            0.835,
            0.845,
            0.508,
            0.733,
            0.696,
            0.882,
            0.63,
            0.6,
            0.562,
            0.635,
            0.816,
            0.648,
            0.607,
            0.685,
            0.632,
            0.563,
            0.767,
            0.797,
            0.897,
            0.849,
            0.932,
            0.906,
            0.756,
            0.755,
            0.838,
            0.816,
            0.75
        ],
        "rmsd": 0.2928348648377036,
        "mean_deviation_from_1": 0.2669032258064516
    },
    "Semantic": {
        "Average": 0.7522903225806452,
        "StandardDeviation": 0.12072867473481935,
        "Min": 0.482,
        "Max": 0.946,
        "Median": 0.775,
        "Data": [
            0.723,
            0.929,
            0.682,
            0.814,
            0.6,
            0.902,
            0.483,
            0.699,
            0.703,
            0.776,
            0.604,
            0.769,
            0.775,
            0.708,
            0.482,
            0.709,
            0.777,
            0.846,
            0.792,
            0.599,
            0.691,
            0.784,
            0.8,
            0.875,
            0.946,
            0.901,
            0.653,
            0.855,
            0.688,
            0.893,
            0.863
        ],
        "rmsd": 0.2747095240078967,
        "mean_deviation_from_1": 0.2477096774193549
    },
    "Token": {
        "Average": 0.7409032258064516,
        "StandardDeviation": 0.13156654965927816,
        "Min": 0.434,
        "Max": 0.956,
        "Median": 0.753,
        "Data": [
            0.649,
            0.818,
            0.956,
            0.559,
            0.789,
            0.859,
            0.484,
            0.777,
            0.674,
            0.876,
            0.604,
            0.434,
            0.753,
            0.65,
            0.77,
            0.608,
            0.717,
            0.734,
            0.674,
            0.659,
            0.774,
            0.652,
            0.779,
            0.884,
            0.929,
            0.941,
            0.645,
            0.719,
            0.884,
            0.9,
            0.817
        ],
        "rmsd": 0.28962478507377826,
        "mean_deviation_from_1": 0.2590967741935483
    },
    "output_Donald": {
        "Cumulative": {
            "Average": 0.7345666666666667,
            "StandardDeviation": 0.13626791140309197,
            "Min": 0.483,
            "Max": 0.956,
            "Median": 0.728,
            "Data": [
                0.607,
                0.929,
                0.659,
                0.591,
                0.835,
                0.845,
                0.508,
                0.733,
                0.696,
                0.882,
                0.723,
                0.929,
                0.682,
                0.814,
                0.6,
                0.902,
                0.483,
                0.699,
                0.703,
                0.776,
                0.649,
                0.818,
                0.956,
                0.559,
                0.789,
                0.859,
                0.484,
                0.777,
                0.674,
                0.876
            ]
        },
        "Recursive": {
            "Average": 0.7285,
            "StandardDeviation": 0.14018737460984138,
            "Min": 0.508,
            "Max": 0.929,
            "Median": 0.7144999999999999,
            "Data": [
                0.607,
                0.929,
                0.659,
                0.591,
                0.835,
                0.845,
                0.508,
                0.733,
                0.696,
                0.882
            ]
        },
        "Semantic": {
            "Average": 0.7311,
            "StandardDeviation": 0.1334569843307823,
            "Min": 0.483,
            "Max": 0.929,
            "Median": 0.713,
            "Data": [
                0.723,
                0.929,
                0.682,
                0.814,
                0.6,
                0.902,
                0.483,
                0.699,
                0.703,
                0.776
            ]
        },
        "Token": {
            "Average": 0.7441,
            "StandardDeviation": 0.14904618970864925,
            "Min": 0.484,
            "Max": 0.956,
            "Median": 0.783,
            "Data": [
                0.649,
                0.818,
                0.956,
                0.559,
                0.789,
                0.859,
                0.484,
                0.777,
                0.674,
                0.876
            ]
        }
    },
    "output_FBI": {
        "Cumulative": {
            "Average": 0.674969696969697,
            "StandardDeviation": 0.09545859208594218,
            "Min": 0.434,
            "Max": 0.846,
            "Median": 0.674,
            "Data": [
                0.63,
                0.6,
                0.562,
                0.635,
                0.816,
                0.648,
                0.607,
                0.685,
                0.632,
                0.563,
                0.767,
                0.604,
                0.769,
                0.775,
                0.708,
                0.482,
                0.709,
                0.777,
                0.846,
                0.792,
                0.599,
                0.691,
                0.604,
                0.434,
                0.753,
                0.65,
                0.77,
                0.608,
                0.717,
                0.734,
                0.674,
                0.659,
                0.774
            ]
        },
        "Recursive": {
            "Average": 0.6495454545454545,
            "StandardDeviation": 0.07942463551866465,
            "Min": 0.562,
            "Max": 0.816,
            "Median": 0.632,
            "Data": [
                0.63,
                0.6,
                0.562,
                0.635,
                0.816,
                0.648,
                0.607,
                0.685,
                0.632,
                0.563,
                0.767
            ]
        },
        "Semantic": {
            "Average": 0.7047272727272728,
            "StandardDeviation": 0.10630906914190427,
            "Min": 0.482,
            "Max": 0.846,
            "Median": 0.709,
            "Data": [
                0.604,
                0.769,
                0.775,
                0.708,
                0.482,
                0.709,
                0.777,
                0.846,
                0.792,
                0.599,
                0.691
            ]
        },
        "Token": {
            "Average": 0.6706363636363637,
            "StandardDeviation": 0.09921620102309171,
            "Min": 0.434,
            "Max": 0.774,
            "Median": 0.674,
            "Data": [
                0.604,
                0.434,
                0.753,
                0.65,
                0.77,
                0.608,
                0.717,
                0.734,
                0.674,
                0.659,
                0.774
            ]
        }
    },
    "output_USA": {
        "Cumulative": {
            "Average": 0.8234666666666667,
            "StandardDeviation": 0.08966748279763612,
            "Min": 0.645,
            "Max": 0.946,
            "Median": 0.8434999999999999,
            "Data": [
                0.797,
                0.897,
                0.849,
                0.932,
                0.906,
                0.756,
                0.755,
                0.838,
                0.816,
                0.75,
                0.784,
                0.8,
                0.875,
                0.946,
                0.901,
                0.653,
                0.855,
                0.688,
                0.893,
                0.863,
                0.652,
                0.779,
                0.884,
                0.929,
                0.941,
                0.645,
                0.719,
                0.884,
                0.9,
                0.817
            ]
        },
        "Recursive": {
            "Average": 0.8296,
            "StandardDeviation": 0.06656525620271686,
            "Min": 0.75,
            "Max": 0.932,
            "Median": 0.827,
            "Data": [
                0.797,
                0.897,
                0.849,
                0.932,
                0.906,
                0.756,
                0.755,
                0.838,
                0.816,
                0.75
            ]
        },
        "Semantic": {
            "Average": 0.8258,
            "StandardDeviation": 0.09459715758003631,
            "Min": 0.653,
            "Max": 0.946,
            "Median": 0.859,
            "Data": [
                0.784,
                0.8,
                0.875,
                0.946,
                0.901,
                0.653,
                0.855,
                0.688,
                0.893,
                0.863
            ]
        },
        "Token": {
            "Average": 0.815,
            "StandardDeviation": 0.11135728285318587,
            "Min": 0.645,
            "Max": 0.941,
            "Median": 0.8505,
            "Data": [
                0.652,
                0.779,
                0.884,
                0.929,
                0.941,
                0.645,
                0.719,
                0.884,
                0.9,
                0.817
            ]
        }
    }
}