[
    {
        "question": "What is the main argument presented by Mr. Mitchell regarding Section 3 of the Fourteenth Amendment?",
        "answer": "Mr. Mitchell argues that President Trump is not covered by Section 3 of the Fourteenth Amendment because the term 'officer of the United States' applies only to appointed officials, not elected officials such as the President.",
        "generated": "Mr. Mitchell argues that Section 3 of the Fourteenth Amendment does not disqualify Trump, as the January 6th events do not constitute an 'insurrection' and the Colorado Supreme Court misapplied the law by retroactively disqualifying a candidate.",
        "cosine_similarity": 0.723
    },
    {
        "question": "How does Mr. Mitchell interpret the term 'officer of the United States' in the Constitution?",
        "answer": "Mr. Mitchell interprets 'officer of the United States' to refer exclusively to appointed officials, as seen in the Commissions Clause, the Impeachment Clause, and the Appointments Clause, and not to elected positions like the President.",
        "generated": "Mr. Mitchell interprets 'officer of the United States' in the Constitution as referring to individuals appointed by the President to federal positions, distinguishing them from elected officials like the President or members of Congress. He argues that only appointed officials are 'officers of the United States,' supported by the Commissions Clause, the Impeachment Clause, and the Appointments Clause. Elected officials are excluded from this category, as they do not hold office via presidential appointment.",
        "cosine_similarity": 0.929
    },
    {
        "qustion": "Why does Mr. Mitchell believe the Colorado Supreme Court's decision should be reversed?",
        "answer": "He believes the decision should be reversed because it misinterprets Section 3, which, according to him, does not apply to the President as an elected official and also oversteps by attempting to impose qualifications on federal office candidates.",
        "generated": "Mr. Mitchell argues the Colorado Supreme Court's decision should be reversed because Section 3 of the Fourteenth Amendment does not apply to the President, states cannot disqualify presidential candidates under Section 3, and the provision requires Congressional action to be enforced. He claims only Congress can lift disqualifications, and states lack authority to act independently.",
        "cosine_similarity": 0.682
    },
    {
        "question": "What example does Mr. Mitchell give to argue that states cannot impose additional qualifications for federal office?",
        "answer": "He compares it to state residency laws, noting that courts have previously held that a state cannot impose an earlier residency requirement for congressional candidates than what the Constitution mandates.",
        "generated": "Mr. Mitchell cites state residency laws for congressional candidates, where the courts have consistently ruled that states cannot impose additional residency requirements beyond what the Constitution mandates for federal officeholders. Specifically, he refers to rulings where states cannot require congressional candidates to reside in the state before Election Day, as this would add a new qualification beyond those explicitly set by the Constitution.",
        "cosine_similarity": 0.814
    },
    {
        "question": "How does Justice Thomas question Mr. Mitchell regarding Section 3\u2019s implementation?",
        "answer": "Justice Thomas asks if Section 3 is self-executing and whether states or only Congress have the authority to implement its disqualifications.",
        "generated": "Justice Thomas questions Mr. Mitchell about the lack of an express provision defining what a 'qualified candidate' is under Section 3 of the Fourteenth Amendment. Specifically, he asks how Section 3 qualifies a candidate, prompting Mr. Mitchell to explain that a candidate must meet eligibility criteria and not be disqualified, equating disqualification with failing to meet the constitutional requirements.",
        "cosine_similarity": 0.6
    },
    {
        "question": "What is Mr. Mitchell\u2019s stance on the self-execution of Section 3?",
        "answer": "Mr. Mitchell asserts that Section 3 is not self-executing and states cannot enforce it without Congress enacting specific legislation.",
        "generated": "Mr. Mitchell argues that Section 3 is not 'self-executing' and requires congressional action for enforcement, citing Griffin's Case and the Enforcement Act of 1870. He believes states cannot enforce it without congressional authorization.",
        "cosine_similarity": 0.902
    },
    {
        "question": "What example does Mr. Mitchell give from history to support his argument?",
        "answer": "He references Confederate insurrectionists who were elected to Congress post-Civil War; Congress would decide case-by-case if they should be seated, illustrating that states could not disqualify them.",
        "generated": "Mr. Mitchell references Griffin's Case (1869) to support his argument, specifically the idea that states cannot enforce Section 3 of the Fourteenth Amendment against federal officials unless Congress provides authority through legislation. He also mentions the Enforcement Act of 1870, which was enacted with Griffin's Case as a backdrop, establishing that such enforcement powers should be federal, not state-run.",
        "cosine_similarity": 0.483
    },
    {
        "question": "What does Justice Sotomayor challenge in Mr. Mitchell\u2019s argument about self-execution?",
        "answer": "Justice Sotomayor challenges his view, noting that states frequently enforce self-executing constitutional provisions and questioning his reliance on Griffin's Case, a non-precedential ruling.",
        "generated": "Justice Sotomayor challenges Mr. Mitchell\u2019s interpretation of self-execution, suggesting it is selectively applied to benefit his client (President Trump).",
        "cosine_similarity": 0.699
    },
    {
        "question": "What distinction does Mr. Mitchell make between Griffin's Case and other Fourteenth Amendment provisions?",
        "answer": "He argues that Griffin\u2019s Case is unique and was historically used as a basis for Congress\u2019s legislative actions, such as the Enforcement Act of 1870, to exclusively grant enforcement powers to Congress.",
        "generated": "Mr. Mitchell distinguishes Griffin's Case from other Fourteenth Amendment provisions by arguing that Section 3 requires congressional action for enforcement, unlike other provisions that are self-executing. He asserts that Griffin's Case set a precedent limiting enforcement to federal legislation, not state action.",
        "cosine_similarity": 0.703
    },
    {
        "question": "What does Justice Kagan clarify about Mr. Mitchell\u2019s argument on statutory versus constitutional grounds?",
        "answer": "Justice Kagan points out that Mr. Mitchell\u2019s argument appears to be based on statutory preemption rather than a constitutional rule, as he relies on Congress\u2019s legislative actions following Griffin's Case, rather than a direct constitutional mandate.",
        "generated": "Justice Kagan clarifies that Mr. Mitchell's argument is based on constitutional interpretation, specifically Section 3 of the Fourteenth Amendment, rather than statutory law.",
        "cosine_similarity": 0.776
    }
]